,lam_2
0.0,0.9986591007039611
0.00075,0.900580913898398
0.0015,0.8664320778746962
0.0022500000000000003,0.838367654607462
0.003,0.8233882108252956
0.00375,0.8063259860657291
0.0045000000000000005,0.791258805097823
0.00525,0.7866430187368286
0.006,0.768471357271902
0.00675,0.7623426552646261
0.0075,0.7346272125754918
0.00825,0.7597372861638528
0.009000000000000001,0.7284699840847326
0.00975,0.7534664562507628
0.0105,0.7159263072760724
0.01125,0.7312047483899202
0.012,0.6994668994201224
0.012750000000000001,0.7070009206957705
0.0135,0.7143120543723158
0.01425,0.700988064726685
0.015,0.6994368686955071
0.01575,0.7010688884455141
0.0165,0.7014044482237626
0.01725,0.7238883042116181
0.018000000000000002,0.6755555119995529
0.01875,0.679255650860206
0.0195,0.6876966470277835
0.02025,0.6909240096613184
0.021,0.704315923571171
0.021750000000000002,0.6886840819225382
0.0225,0.6786052925625305
0.02325,0.671691060291766
0.024,0.6618545857992763
0.02475,0.6860430781599676
0.025500000000000002,0.6853194669054946
0.02625,0.6791905286655069
0.027,0.6897865610105125
0.02775,0.6931305727829714
0.0285,0.6745568526485791
0.02925,0.660254913739786
0.03,0.6449661585626426
0.03075,0.6672707741853277
0.0315,0.664035632892206
0.03225,0.6652201753539044
0.033,0.6561428589905087
0.03375,0.679639139062513
0.0345,0.6611025528346298
0.035250000000000004,0.6667260124257514
0.036000000000000004,0.6795959559362579
0.03675,0.6785521226824001
0.0375,0.6721547750393506
0.03825,0.673840157924031
0.039,0.6583305573111434
0.03975,0.654303275281899
0.0405,0.6503791005251086
0.04125,0.6407931534240888
0.042,0.645861710881017
0.04275,0.6768051242405376
0.043500000000000004,0.636656743876715
0.04425,0.6682855745728898
0.045,0.6426020860650039
0.04575,0.6535290219298202
0.0465,0.6664828632215589
0.04725,0.6583894758402015
0.048,0.6414989314511625
0.04875,0.6480219299153545
0.0495,0.6704434638231194
0.05025,0.66130494877517
0.051000000000000004,0.6737498410151213
0.051750000000000004,0.6354503255118733
0.0525,0.6544082168925051
0.05325,0.6409797844661811
0.054,0.6545726578032888
0.05475,0.6585233732883579
0.0555,0.6434558055549336
0.05625,0.6350291604316762
0.057,0.650932746653405
0.05775,0.6310755888282114
0.0585,0.6529868471408476
0.059250000000000004,0.6359367397329702
0.06,0.6362937251476529
0.06075,0.6567462855722777
0.0615,0.6288209124482482
0.06225,0.6551120122521981
0.063,0.6535384095427429
0.06375,0.6437209752342511
0.0645,0.6472267133183435
0.06525,0.6415606781074464
0.066,0.6322819462892071
0.06675,0.6503526367195853
0.0675,0.6703020417775308
0.06825,0.6503362023626571
0.069,0.6543998317258296
0.06975,0.6362210516547346
0.07050000000000001,0.6383323609933947
0.07125000000000001,0.6335378518126098
0.07200000000000001,0.6620239506617103
0.07275,0.6512082619054357
0.0735,0.6457466844753129
0.07425,0.6371259855292197
0.075,0.6445014237323722
0.07575,0.6069109562316694
0.0765,0.6500333045353585
0.07725,0.6690879520260129
0.078,0.6598793379618993
0.07875,0.6343047445650065
0.0795,0.6421582209340466
0.08025,0.6352046942649852
0.081,0.6488940653142206
0.08175,0.6320594337476806
0.0825,0.6779751041731579
0.08325,0.6400452976116131
0.084,0.644525779234258
0.08475,0.645207209772996
0.0855,0.6421375559739392
0.08625000000000001,0.6579267196078541
0.08700000000000001,0.6474947062192798
0.08775000000000001,0.6106547488246726
0.0885,0.6405556634599688
0.08925,0.6370261730878929
0.09,0.6206562760542762
0.09075,0.607918268958018
0.0915,0.6484552838460541
0.09225,0.6795293691328512
0.093,0.6186044065058297
0.09375,0.6082148958642455
0.0945,0.6801448025795293
0.09525,0.675883597846031
0.096,0.6553165014185095
0.09675,0.6088160298274419
0.0975,0.6486937279353263
0.09825,0.6282293241723986
0.099,0.6091296653765639
0.09975,0.6408410279848626
0.1005,0.654394640008406
0.10125,0.6454334978902169
0.10200000000000001,0.644970366428717
0.10275000000000001,0.6622603898035766
0.10350000000000001,0.637538635296066
0.10425,0.6422161087163961
0.105,0.6712003138131886
0.10575,0.6357727692245978
0.1065,0.6704478316927125
0.10725,0.6513603599422234
0.108,0.6335642287470222
0.10875,0.6323937771238417
0.1095,0.6237628278478753
0.11025,0.6536601458593977
0.111,0.6458820853862247
0.11175,0.6448045193458077
0.1125,0.6490535498054127
0.11325,0.6458959893265593
0.114,0.6542875123832601
0.11475,0.6383159068051436
0.1155,0.6513074542871219
0.11625,0.6535477706344713
0.117,0.6419079148851535
0.11775000000000001,0.6286925864487978
0.11850000000000001,0.6103582184242068
0.11925000000000001,0.6266540473826138
0.12,0.6207902601481665
0.12075,0.6254290420527916
0.1215,0.6058514000593698
0.12225,0.6264508913186586
0.123,0.6603112949988365
0.12375,0.6521135543826416
0.1245,0.6366609512010305
0.12525,0.6666376294612345
0.126,0.6434278920755419
0.12675,0.6527296494625265
0.1275,0.6378893351472301
0.12825,0.633213657469193
0.129,0.6344070878128413
0.12975,0.6292927816010316
0.1305,0.6295368022493587
0.13125,0.634998209186144
0.132,0.6319646603799832
0.13275,0.6277693097807429
0.1335,0.6298103066082712
0.13425,0.6680115372327194
0.135,0.6127610343140104
0.13575,0.6248083836356445
0.1365,0.6501391117042549
0.13725,0.6768645667294128
0.138,0.6511777282468021
0.13875,0.6623844724940378
0.1395,0.665565941305398
0.14025,0.6399540910987139
0.14100000000000001,0.6658265794887808
0.14175000000000001,0.6380865531880234
0.14250000000000002,0.630606009352276
0.14325000000000002,0.6211478436976924
0.14400000000000002,0.6348436497941531
0.14475,0.6477295570256463
0.1455,0.6470815603917122
0.14625,0.6208231304776606
0.147,0.6047486522016735
0.14775,0.650680014747516
0.1485,0.6193752018857767
0.14925,0.6482659353660594
0.15,0.6220222083676203
0.15075,0.6087309151266239
0.1515,0.6602325951165386
0.15225,0.666533701186133
0.153,0.6544489869365713
0.15375,0.6533500771149617
0.1545,0.6478145645586131
0.15525,0.6499653560818657
0.156,0.5869082376716326
0.15675,0.6402521127564815
0.1575,0.6346555974359807
0.15825,0.6272957261082821
0.159,0.639443193282327
0.15975,0.6539332221069458
0.1605,0.5997646460452339
0.16125,0.6243162880364579
0.162,0.6559828449763195
0.16275,0.6455971662782761
0.1635,0.6416952512421487
0.16425,0.6262522651164772
0.165,0.664502831533574
0.16575,0.6621440619806488
0.1665,0.6615812160457434
0.16725,0.6302060990352155
0.168,0.6153497479166337
0.16875,0.620851620127397
0.1695,0.6029461562857859
0.17025,0.6604820286755052
0.171,0.644998847272814
0.17175,0.6445675145092427
0.17250000000000001,0.638048608577943
0.17325000000000002,0.6346682322974408
0.17400000000000002,0.6505011258405273
0.17475000000000002,0.6292506118219492
0.17550000000000002,0.6270126532274733
0.17625,0.6333501015267243
0.177,0.6798077706584845
0.17775,0.6652735879075597
0.1785,0.6622906871449719
0.17925,0.6078791783300982
0.18,0.6645402794004786
0.18075,0.6444696989990495
0.1815,0.6123230611725413
0.18225,0.6451617394724706
0.183,0.6072944788969068
0.18375,0.6464049296031182
0.1845,0.6712477473827062
0.18525,0.6657599117538657
0.186,0.6775176142818656
0.18675,0.664599136976675
0.1875,0.6646246614154253
0.18825,0.6579436360115959
0.189,0.6376775190050588
0.18975,0.619608926510913
0.1905,0.6589602028938113
0.19125,0.6469012036117162
0.192,0.6698952011270994
0.19275,0.6589234094586649
0.1935,0.6660961532704094
0.19425,0.6677518871222151
0.195,0.6348005090388256
0.19575,0.6450858701685072
0.1965,0.6513996196965554
0.19725,0.6353084109956064
0.198,0.6440710730739251
0.19875,0.6538829078346583
0.1995,0.6183125979258707
0.20025,0.6125634718274967
0.201,0.6218749774123717
0.20175,0.6113544317512506
0.2025,0.5889809536572346
0.20325000000000001,0.6130181724699812
0.20400000000000001,0.6224343929316275
0.20475000000000002,0.6340743251421197
0.20550000000000002,0.5941881294755768
0.20625000000000002,0.6211095629174102
0.20700000000000002,0.6142560912425064
0.20775000000000002,0.6105899289393435
0.2085,0.596738350276268
0.20925,0.6035584504193073
0.21,0.6122465743838843
0.21075,0.6619828688181386
0.2115,0.6524828018999096
0.21225,0.6370784092692725
0.213,0.6436943163606454
0.21375,0.6293358046476526
0.2145,0.6107071113218052
0.21525,0.6412857530274065
0.216,0.640282709311757
0.21675,0.6314655558467841
0.2175,0.6351404583318753
0.21825,0.637901220015207
0.219,0.6332165906201939
0.21975,0.6314458245643684
0.2205,0.6193227945076406
0.22125,0.6464339554836855
0.222,0.6396037673261804
0.22275,0.6803244368038945
0.2235,0.661805144206184
0.22425,0.6852905231170707
0.225,0.6568448522537585
0.22575,0.658210209566583
0.2265,0.6773402316834976
0.22725,0.6886215141844501
0.228,0.6466333479359518
0.22875,0.6671068904847268
0.2295,0.659767314601107
0.23025,0.6630800627314685
0.231,0.632485405143925
0.23175,0.6576393688384823
0.2325,0.656943172169217
0.23325,0.6493613971992149
0.234,0.6610586562253117
0.23475000000000001,0.7051376044914437
0.23550000000000001,0.6731477551741841
0.23625000000000002,0.6706881933789324
0.23700000000000002,0.6856833483506456
0.23775000000000002,0.6864858597972197
0.23850000000000002,0.6862398486012931
0.23925000000000002,0.6798856119865093
0.24,0.6873062292380449
0.24075,0.647053166944523
0.2415,0.66808708700129
0.24225,0.6571192076293891
0.243,0.6635864075692499
0.24375,0.681598951097051
0.2445,0.6440828802742088
0.24525,0.6551747551369242
0.246,0.6491932349344878
0.24675,0.6526852961052065
0.2475,0.6655136459619004
0.24825,0.6359102578284599
0.249,0.6784420935993928
0.24975,0.6717794813007085
0.2505,0.6499273564790983
0.25125000000000003,0.6590642510747367
0.252,0.631267365782725
0.25275000000000003,0.6664314639288317
0.2535,0.6348313796338921
0.25425000000000003,0.6273453402623385
0.255,0.6214755892744931
0.25575000000000003,0.6369684720920464
0.2565,0.6112865353309059
0.25725,0.6628083497751788
0.258,0.6590065296149284
0.25875,0.6676394845789183
0.2595,0.6670705765974011
0.26025,0.652758022058048
0.261,0.6503077127606124
0.26175,0.637406761979263
0.2625,0.6473508300284011
0.26325,0.6498092284998419
0.264,0.6271214445408446
0.26475,0.6459299157627671
0.2655,0.6121413037997243
0.26625,0.676471974592281
0.267,0.6583772658442325
0.26775,0.6979163393877094
0.2685,0.7022858083298844
0.26925,0.6970872298434865
0.27,0.6704677318371359
0.27075,0.6452908580665341
0.2715,0.666435012806371
0.27225,0.683709052413901
0.273,0.6556067539180231
0.27375,0.6490566179464045
0.2745,0.6981144080017898
0.27525,0.6482981313835954
0.276,0.6474829731157068
0.27675,0.640810456449336
0.2775,0.6552133001721875
0.27825,0.6466628454791936
0.279,0.6552772456591498
0.27975,0.6647582394389484
0.2805,0.6982747179718888
0.28125,0.6728616598993474
0.28200000000000003,0.669697434958202
0.28275,0.717638097389113
0.28350000000000003,0.6829117312067436
0.28425,0.7081860069479463
0.28500000000000003,0.7333388869749707
0.28575,0.7394315268475571
0.28650000000000003,0.7625492616926249
0.28725,0.7571609263170334
0.28800000000000003,0.7582307472421416
0.28875,0.7481431287322806
0.2895,0.7432952275600625
0.29025,0.7588682192386573
0.291,0.7502121540263503
0.29175,0.7351341482104935
0.2925,0.7127703660990613
0.29325,0.7284680460053887
0.294,0.694101368797076
0.29475,0.6941108668973437
0.2955,0.7201438236459441
0.29625,0.7006355191364579
0.297,0.7286360224346573
0.29775,0.7335500048070435
0.2985,0.7404619695598937
0.29925,0.7335932594138689
0.3,0.7198599494283231
0.30075,0.7389611775069326
0.3015,0.7302963353117856
0.30225,0.7051805856179953
0.303,0.7091342689386742
0.30375,0.6808824109061039
0.3045,0.6582797765485245
0.30525,0.6671178976111923
0.306,0.7060731583581541
0.30675,0.6930780504039286
0.3075,0.6877624683771176
0.30825,0.6539795674416903
0.309,0.6401752885778081
0.30975,0.6426532444897156
0.3105,0.6389175949663923
0.31125,0.6803366330542652
0.312,0.6638824742029202
0.31275000000000003,0.6313171265458655
0.3135,0.6436551267157321
0.31425000000000003,0.6478969209085125
0.315,0.6701283361525239
0.31575000000000003,0.6711332129816818
0.3165,0.6645278709413013
0.31725000000000003,0.6568510864761473
0.318,0.6105181496014794
0.31875000000000003,0.6089902589818076
0.3195,0.6656778550980317
0.32025,0.6691210830796065
0.321,0.6941382683356052
0.32175,0.64463803925051
0.3225,0.6997085762015565
0.32325,0.712291526062034
0.324,0.7379925295527883
0.32475,0.7308718163842234
0.3255,0.7275595842523164
0.32625,0.7014058146186744
0.327,0.6943585406046324
0.32775,0.7247511765799565
0.3285,0.7204953219695077
0.32925,0.6924642661827803
0.33,0.6981181465221634
0.33075,0.6412309037793797
0.3315,0.6167168593144748
0.33225,0.690593173363927
0.333,0.674207402297521
0.33375,0.6518314114422571
0.3345,0.7169466345644383
0.33525,0.7141447293029943
0.336,0.6753467462206496
0.33675,0.6829807542376887
0.3375,0.6980529469321154
0.33825,0.6760140519139182
0.339,0.6590206012476669
0.33975,0.7028539568932602
0.3405,0.6571458544864638
0.34125,0.6808763647788888
0.342,0.6785765705865244
0.34275,0.676171076781465
0.3435,0.6505528265327705
0.34425,0.653062046818148
0.34500000000000003,0.6582835538526005
0.34575,0.6366415467487023
0.34650000000000003,0.6333395862360202
0.34725,0.6580679788962045
0.34800000000000003,0.665754584160765
0.34875,0.6674038742123917
0.34950000000000003,0.6776629569480307
0.35025,0.6496429507629453
0.35100000000000003,0.6651868021575776
0.35175,0.6709669731539942
0.3525,0.6595844422228508
0.35325,0.6793660068820241
0.354,0.6243539866014574
0.35475,0.6474242407850902
0.3555,0.6790246715655054
0.35625,0.6827594771710449
0.357,0.6504646717611322
0.35775,0.6531960698248945
0.3585,0.6545340801230807
0.35925,0.6758047896019591
0.36,0.6520244205263093
0.36075,0.6689080608547386
0.3615,0.671458444968647
0.36225,0.6742365387879604
0.363,0.6841005139406259
0.36375,0.6877046409801788
0.3645,0.7012602899931103
0.36525,0.7006728073034781
0.366,0.7039981930093272
0.36675,0.7134526132301797
0.3675,0.7132684788103738
0.36825,0.6990931146190444
0.369,0.7033108064374594
0.36975,0.6868850351617446
0.3705,0.6873454804114224
0.37125,0.6953913883918575
0.372,0.6744722980997176
0.37275,0.6605952674901432
0.3735,0.708175881405864
0.37425,0.6911588664921643
0.375,0.6733660351978618
0.37575000000000003,0.6789706989914358
0.3765,0.6880833788159519
0.37725000000000003,0.6617973068193173
0.378,0.6465643765890684
0.37875000000000003,0.6920393106226433
0.3795,0.6749671738112638
0.38025000000000003,0.6659758362576882
0.381,0.6648044471345642
0.38175000000000003,0.6600529292773243
0.3825,0.6668852641031059
0.38325000000000004,0.6245931324674999
0.384,0.6641652393007693
0.38475,0.690386786823124
0.3855,0.6725941540085117
0.38625,0.6651654980869514
0.387,0.6888348925792664
0.38775,0.6563113345775081
0.3885,0.6627530615159408
0.38925,0.6551445759556037
0.39,0.6524398444802585
0.39075,0.6345065006321158
0.3915,0.6517241145871498
0.39225,0.6483223556710093
0.393,0.6204168099190343
0.39375,0.6664409003169719
0.3945,0.642469505338317
0.39525,0.6795423876174222
0.396,0.6872590778031596
0.39675,0.6517077034987202
0.3975,0.6344950694331499
0.39825,0.6426170375185589
0.399,0.6374739335562197
0.39975,0.6332555521760532
0.4005,0.6638105129258355
0.40125,0.6645025523753677
0.402,0.6428446994843642
0.40275,0.6263858994206943
0.4035,0.6464891265852711
0.40425,0.6327171480064679
0.405,0.6357682232724267
0.40575,0.6339465061342345
0.40650000000000003,0.6316318091009303
0.40725,0.6820343967333289
0.40800000000000003,0.6924387580931328
0.40875,0.6595218703830072
0.40950000000000003,0.6660440377237109
0.41025,0.6599834251943946
0.41100000000000003,0.6742307850849392
0.41175,0.6635641148163325
0.41250000000000003,0.6532445495644331
0.41325,0.7035716188661703
0.41400000000000003,0.6619962315508173
0.41475,0.6829128196163821
0.41550000000000004,0.6700083116691139
0.41625,0.6835743831823332
0.417,0.683291035667574
0.41775,0.7227748107414889
0.4185,0.7652828724421402
0.41925,0.7567024463291881
0.42,0.7556379918112895
0.42075,0.7304165046562249
0.4215,0.7386702946136439
0.42225,0.744602617119786
0.423,0.7456201265290837
0.42375,0.7155740839846814
0.4245,0.6910887272935812
0.42525,0.6838323273504502
0.426,0.710294575224872
0.42675,0.667981078908618
0.4275,0.7193271300530096
0.42825,0.7321462802626885
0.429,0.7217775332298735
0.42975,0.6845202534735431
0.4305,0.6870612504431213
0.43125,0.6916461092308319
0.432,0.6665382489448579
0.43275,0.7067618750357801
0.4335,0.6735104543906696
0.43425,0.6751580940184397
0.435,0.6727171978073798
0.43575,0.6858107449168445
0.4365,0.6553523732736379
0.43725,0.6920023684376273
0.438,0.6907924983611099
0.43875000000000003,0.6165575493213763
0.4395,0.6776222865130405
0.44025000000000003,0.7213771539361913
0.441,0.7239432938577176
0.44175000000000003,0.698043610944582
0.4425,0.7072365272689772
0.44325000000000003,0.6862395598727866
0.444,0.6450069202372608
0.44475000000000003,0.6629493745273068
0.4455,0.6392729864635068
0.44625000000000004,0.6757661547963596
0.447,0.6398272135408277
0.44775000000000004,0.6649567985856409
0.4485,0.6640547739258044
0.44925,0.6724259977987024
0.45,0.6549276771400152
0.45075,0.6719973485267244
0.4515,0.6901981310835847
0.45225,0.7220053198284113
0.453,0.6945161860977146
0.45375,0.7145508449856042
0.4545,0.7019195773588608
0.45525,0.6985889925992621
0.456,0.6923262089976333
0.45675,0.6917848789383096
0.4575,0.6777547532085997
0.45825,0.660362521526985
0.459,0.6829156152859058
0.45975,0.6861509801606072
0.4605,0.684234962439412
0.46125,0.6662498428463849
0.462,0.6919501650630853
0.46275,0.6928893700226694
0.4635,0.6808384711782289
0.46425,0.6456884259899853
0.465,0.6458798291648234
0.46575,0.6366064197488837
0.4665,0.6712437555314515
0.46725,0.6836996793936738
0.468,0.6777434477968983
0.46875,0.650763482348209
0.46950000000000003,0.6651398541904089
0.47025,0.6680570200905511
0.47100000000000003,0.6540703678090302
0.47175,0.6538064694835521
0.47250000000000003,0.651526761427147
0.47325,0.7435306720838671
0.47400000000000003,0.6928667296683294
0.47475,0.685423406411688
0.47550000000000003,0.717053221890039
0.47625,0.6719104000014572
0.47700000000000004,0.6675333410587072
0.47775,0.6938360551352909
0.47850000000000004,0.6871131816393479
0.47925,0.6906548417007246
0.48,0.6654451610804639
0.48075,0.6875785746353991
0.4815,0.6673035885193914
0.48225,0.6844876174826695
0.483,0.6414658757083723
0.48375,0.6841524677535449
0.4845,0.6808467653586681
0.48525,0.6588280745836723
0.486,0.7012677080308504
0.48675,0.6784597717531885
0.4875,0.6708214634486521
0.48825,0.6701647603326734
0.489,0.6946778958380412
0.48975,0.6558096297544557
0.4905,0.652526302851291
0.49125,0.6418439517811649
0.492,0.6530693587762249
0.49275,0.6896763741737857
0.4935,0.6838706614092634
0.49425,0.6471923991118635
0.495,0.6824185224489178
0.49575,0.661413573804837
0.4965,0.6818743483594426
0.49725,0.6677809818907624
0.498,0.6393070927505079
0.49875,0.6506667321990575
0.4995,0.64380923684219
0.50025,0.7263140771340516
0.501,0.7292201294304982
0.50175,0.7043855062634783
0.5025000000000001,0.7204109518396242
0.50325,0.7048818871911398
0.504,0.7282829205900636
0.50475,0.7086742623231169
0.5055000000000001,0.7181553070726386
0.50625,0.7015186490611631
0.507,0.6872579362746487
0.50775,0.6864051858593442
0.5085000000000001,0.7182531842184997
0.50925,0.7434053040509392
0.51,0.7324577312607005
0.51075,0.7215908339154432
0.5115000000000001,0.7189510705190671
0.51225,0.7013240184385422
0.513,0.7170165427046289
0.51375,0.7054791383215124
0.5145,0.6987857171633203
0.51525,0.7057684634689775
0.516,0.7004401792601496
0.51675,0.69519811768128
0.5175,0.712554878704188
0.51825,0.7356419413530538
0.519,0.7356208144736481
0.51975,0.7290010426979641
0.5205,0.7244079863468891
0.52125,0.72253491391006
0.522,0.7389481175618875
0.52275,0.71436785146146
0.5235,0.7278667805614032
0.52425,0.711275172465397
0.525,0.707120770482877
0.52575,0.7159614765016357
0.5265,0.696358385699571
0.52725,0.7197825835463642
0.528,0.6960708476427138
0.52875,0.7157352708930461
0.5295,0.702052777879924
0.53025,0.6894337309232559
0.531,0.678994677763836
0.5317500000000001,0.6873292175437299
0.5325,0.7003929854014995
0.53325,0.695455853442578
0.534,0.6909403356895274
0.5347500000000001,0.6903602935328697
0.5355,0.6846652898679655
0.53625,0.6812133741480446
0.537,0.7186636568561763
0.5377500000000001,0.7386026205618652
0.5385,0.7316837697234756
0.53925,0.705480848355037
0.54,0.7370917182666543
0.5407500000000001,0.7380704358612332
0.5415,0.7421063941979156
0.54225,0.7479681493536338
0.543,0.7195566811847851
0.5437500000000001,0.7216475026621438
0.5445,0.7369202433979571
0.54525,0.7256013914488852
0.546,0.7452113357058642
0.54675,0.7613854988671442
0.5475,0.7461955487376963
0.54825,0.7570781693158096
0.549,0.7571009819882755
0.54975,0.7420641125706279
0.5505,0.7108254285191655
0.55125,0.7439669160590281
0.552,0.7295641685123921
0.55275,0.722956284383668
0.5535,0.7128935553751253
0.55425,0.7099441456603174
0.555,0.7071434058083012
0.55575,0.7413002115603822
0.5565,0.7206741665730045
0.55725,0.7147425033161178
0.558,0.718678738686646
0.55875,0.7178291602609604
0.5595,0.7076659424681561
0.56025,0.7350590142054202
0.561,0.7259116990322523
0.56175,0.6984354183246891
0.5625,0.711374217427422
0.56325,0.7137384422931757
0.5640000000000001,0.7278080979806973
0.56475,0.7317845344774627
0.5655,0.727278424392143
0.56625,0.6998563319485429
0.5670000000000001,0.7132840899154166
0.56775,0.7141251937670126
0.5685,0.7121406096493677
0.56925,0.6870845767626378
0.5700000000000001,0.7091232001668217
0.57075,0.6842695982345688
0.5715,0.6988919059634717
0.57225,0.7005995932216122
0.5730000000000001,0.690893399544727
0.57375,0.6814262926637857
0.5745,0.7106166437322136
0.57525,0.6850138579460422
0.5760000000000001,0.7162328228560527
0.57675,0.700974171606619
0.5775,0.6916855058839655
0.57825,0.6933177024855381
0.579,0.7024238974629429
0.57975,0.7102492534999735
0.5805,0.7185275496340031
0.58125,0.700380505797341
0.582,0.7015200061999042
0.58275,0.6824083397050128
0.5835,0.6900835148227453
0.58425,0.6781262119303847
0.585,0.6934726110015516
0.58575,0.6878622159419334
0.5865,0.6824141081148636
0.58725,0.7401967460089569
0.588,0.7398029416958629
0.58875,0.7268631980173893
0.5895,0.735826450502009
0.59025,0.7451463687565801
0.591,0.737763693252533
0.59175,0.7238470563568735
0.5925,0.7223999942785969
0.59325,0.7133816617977734
0.594,0.7423156929357472
0.59475,0.739270446877979
0.5955,0.7301342952672906
0.5962500000000001,0.7241306430560707
0.597,0.7311705621257755
0.59775,0.7123593546510028
0.5985,0.7236598118959983
0.5992500000000001,0.6940872498049712
0.6,0.6976996032909254
0.60075,0.701690716152597
0.6015,0.7001307180050548
0.6022500000000001,0.7155220487290883
0.603,0.7436481372657604
0.60375,0.7478888083590954
0.6045,0.7430714243853158
0.6052500000000001,0.7408691260715005
0.606,0.7454493890429189
0.60675,0.7639057407107864
0.6075,0.7590411533841558
0.60825,0.7792596983132195
0.609,0.7785077626758952
0.60975,0.7667027755297046
0.6105,0.7735505304960676
0.61125,0.7585124309437703
0.612,0.7718183815941435
0.61275,0.7560438188297721
0.6135,0.7443855724970416
0.61425,0.727671261866328
0.615,0.7366679067384443
0.61575,0.7553335259595162
0.6165,0.7364656585983479
0.61725,0.7418549935949021
0.618,0.7576051972775395
0.61875,0.7275297492004189
0.6195,0.7564672298982362
0.62025,0.7627827915980716
0.621,0.7671521164914968
0.62175,0.756556821671913
0.6225,0.7408198314440041
0.62325,0.7415556494915052
0.624,0.7343028265578811
0.62475,0.7462445373348721
0.6255000000000001,0.7494661907172971
0.62625,0.7388672087614745
0.627,0.7302455383048418
0.62775,0.695878763091975
0.6285000000000001,0.7301763892087696
0.62925,0.703379310087633
0.63,0.7352324464713031
0.63075,0.711553837419559
0.6315000000000001,0.7193130585359486
0.63225,0.7218885133589134
0.633,0.7385064678280615
0.63375,0.7328127272902593
0.6345000000000001,0.7358319380635496
0.63525,0.7353207355042589
0.636,0.7376652881045095
0.63675,0.7247722059348586
0.6375000000000001,0.7096605421314768
0.63825,0.7178929256330644
0.639,0.708182753560828
0.63975,0.7170358098281787
0.6405,0.7399431394562719
0.64125,0.7489951895089553
0.642,0.728156530641179
0.64275,0.7273517104520594
0.6435,0.720722696676565
0.64425,0.6994917947491758
0.645,0.7027831319535013
0.64575,0.7015227917761434
0.6465,0.7347348098301956
0.64725,0.7428533998339236
0.648,0.7023783868608815
0.64875,0.7218473595848361
0.6495,0.7579116414185966
0.65025,0.7643226000973112
0.651,0.7596792288900678
0.65175,0.7677001005116351
0.6525,0.7646186819633786
0.65325,0.7599809984869282
0.654,0.7497705543073818
0.65475,0.7147223140717432
0.6555,0.758591502378863
0.65625,0.7446292887916537
0.657,0.7417068458576997
0.6577500000000001,0.7369766547349645
0.6585,0.7684326803858179
0.65925,0.7547407984487203
0.66,0.7690099108046686
0.6607500000000001,0.7595904479531244
0.6615,0.7244732886190195
0.66225,0.747982000904449
0.663,0.7451583593554825
0.6637500000000001,0.7103285377508455
0.6645,0.7476469205536568
0.66525,0.7031871506458877
0.666,0.706654738028175
0.6667500000000001,0.7168473095988313
0.6675,0.6992558049112192
0.66825,0.7379133759241675
0.669,0.7410610639057505
0.6697500000000001,0.7218938039253594
0.6705,0.7216215651274493
0.67125,0.7499682698530985
0.672,0.7309050414587385
0.67275,0.7225491113152172
0.6735,0.7170918268892544
0.67425,0.7300397312166133
0.675,0.7209068100831224
0.67575,0.7178451438803357
0.6765,0.701496603225269
0.67725,0.7153289876597676
0.678,0.719281186470099
0.67875,0.723724714080567
0.6795,0.7313410793086529
0.68025,0.7460571492080404
0.681,0.7246664950426746
0.68175,0.7445104359786745
0.6825,0.7259664478787554
0.68325,0.728617835575866
0.684,0.7249049143639071
0.68475,0.7378462215030268
0.6855,0.7246903372681031
0.68625,0.7546051506994611
0.687,0.7416355603323859
0.68775,0.7172899105835558
0.6885,0.7041151771375616
0.68925,0.7252899927536715
0.6900000000000001,0.7336014945820928
0.69075,0.7317023119064977
0.6915,0.7068609897646654
0.69225,0.7211744979405387
0.6930000000000001,0.7141525086504101
0.69375,0.7093707120768845
0.6945,0.7100604033198102
0.69525,0.7166673592500019
0.6960000000000001,0.7076073508043279
0.69675,0.6935301429952244
0.6975,0.706290059023131
0.69825,0.6953892825897762
0.6990000000000001,0.7244687012198562
0.69975,0.7262577687144174
0.7005,0.7334818576109029
0.70125,0.7141944778248659
0.7020000000000001,0.7385607912423984
0.70275,0.7214456286145983
0.7035,0.7419640404209844
0.70425,0.7304847347198936
0.705,0.7111863240317806
0.70575,0.7359136168863162
0.7065,0.7073129142556026
0.70725,0.7191570232966503
0.708,0.7295758083585856
0.70875,0.7292580805599266
0.7095,0.7222986755254546
0.71025,0.7249648531103405
0.711,0.7009209167713104
0.71175,0.7104460268852909
0.7125,0.7086526814844804
0.71325,0.7078348508131708
0.714,0.7354891990114284
0.71475,0.736787904136346
0.7155,0.7284486618086295
0.71625,0.7469487942286593
0.717,0.7462115617620607
0.71775,0.7213150866082253
0.7185,0.7319427886329197
0.7192500000000001,0.7128343833521171
0.72,0.7194296435858886
0.72075,0.7063965248410483
0.7215,0.7231946451078178
0.7222500000000001,0.7320789548036634
0.723,0.7313449141133168
0.72375,0.7162667020283131
0.7245,0.7212111512502868
0.7252500000000001,0.7436962129454833
0.726,0.7095511068165721
0.72675,0.7404242278276643
0.7275,0.7150055020159879
0.7282500000000001,0.7313690760352913
0.729,0.7254183464714152
0.72975,0.73014208885478
0.7305,0.7209428979656137
0.7312500000000001,0.7166827629819098
0.732,0.7274018904706828
0.73275,0.7208867417458699
0.7335,0.730911994609897
0.7342500000000001,0.7232926153629013
0.735,0.7139945710372194
0.73575,0.7256958895055288
0.7365,0.716705925398805
0.73725,0.7308212113210917
0.738,0.7318779771156777
0.73875,0.7293530664825726
0.7395,0.7217094037291755
0.74025,0.7234028919827201
0.741,0.7206936315990514
0.74175,0.719713725880575
0.7425,0.7214938168063845
0.74325,0.7180903792411946
0.744,0.7274336296821434
0.74475,0.7148134714385261
0.7455,0.7209621493420381
0.74625,0.7319390706149014
0.747,0.7332087901072508
0.74775,0.7232819166519917
0.7485,0.7257390323928755
0.74925,0.726387026255541
0.75,0.6966920157035625
